,davies_bouldin,adjusted_rand
result,1.7147102392533458,-0.006771175358597296
