parameter_value_n_clusters,score
2,2.2077823431150154
3,1.9869795713214191
4,1.8998306971523355
5,1.6298796719422484
6,1.5292147545839667
