,davies_bouldin,adjusted_rand
result,1.7363121971050555,-0.004679044044116414
