parameter_value_n_clusters,score
2,1.2850044940997654
3,1.638120784357092
4,1.5087616228473875
5,1.438704318838131
6,1.4347347937365929
