,davies_bouldin,adjusted_rand
result,1.413834662992534,0.03503675868394587
