,davies_bouldin,adjusted_rand
result,2.3004818190007437,0.018050265694742947
