,davies_bouldin,adjusted_rand
result,1.7255207797701209,0.03251661707886632
