,davies_bouldin,adjusted_rand
result,0.8349056718206591,0.7830316030991804
