parameter_value_eps,score
0.1,1.06053251521029
0.2,1.06053251521029
0.3,1.0573298852899138
0.4,1.6624857605516803
