parameter_value_n_clusters,score
2,0.762585283693212
3,1.2605275089255674
4,1.628195502183226
