,davies_bouldin,adjusted_rand
result,0.7629572434459997,0.8124667906151705
