parameter_value_n_clusters,score
2,0.7629572434459997
3,1.1860713656613187
4,1.5124610816044222
