,davies_bouldin,adjusted_rand
result,0.7630713267358403,0.8178130720257377
