parameter_value_n_clusters,score
2,0.7630713267358403
3,1.5894808914817544
4,1.7122239644441697
