,davies_bouldin,adjusted_rand
result,0.5018424693903532,-0.045365422111303046
