parameter_value_n_clusters,score
2,0.8994068582143023
3,1.474272574961943
4,1.4470700368692753
5,1.400090051755495
6,1.3840512235429303
