,davies_bouldin,adjusted_rand
result,1.6197577209492597,-0.00047364882486912414
