parameter_value_n_clusters,score
2,1.2850044940997654
3,1.707621432394715
4,1.46497792491918
5,1.4075169208956193
6,1.3537927365604236
