,davies_bouldin,adjusted_rand
result,1.5015852846318956,-0.007087128013710142
