,davies_bouldin,adjusted_rand
result,3.3721623191727588,0.04699672584331519
