parameter_value_eps,score
0.2,3.3721623191727588
0.22,3.3721623191727588
0.24,3.3721623191727588
0.26,3.3721623191727588
0.28,3.3721623191727588
0.3,3.3721623191727588
