parameter_value_n_clusters,score
2,0.762585283693212
3,1.5408366774324733
4,1.630330209332071
