,davies_bouldin,adjusted_rand
result,1.5858557320051945,0.04007857281779389
