,davies_bouldin,adjusted_rand
result,1.405884927901733,0.03810141541439235
